create database QuanLySinhVien
go
use QuanLySinhVien;
go
create table Lop(
	TenLop Nvarchar(25), 
	Khoa Nvarchar(25),
	primary key(TenLop)
)
go
create table SinhVien(
	Msv Nvarchar(25) not null,
	HoTen Nvarchar(30) not null,
	NgaySinh Varchar(15),
	GioiTinh bit default 1,
	SDT Varchar(15) not null,
	DiaChi Nvarchar(15) not null,
	Email Nvarchar(50) not null,
	Lop Nvarchar(25) not null,--Kiểu như AT18B--
	primary key(Msv),
	FOREIGN KEY (Lop)
    REFERENCES Lop(TenLop),
	passwd Nvarchar(15)
)
go
Create table MonHoc(
	MaMon Nvarchar(25) not null,
	TenMon Nvarchar(25) not null,
	SoTin int not null,
	primary key (MaMon),

)

go
create table GiaoVien(
	MaGv Nvarchar(25) not null,
	HoTen Nvarchar(30) not null,
	NgaySinh Nvarchar(25) not null,
	GioiTinh bit default 1,
	SDT Varchar(15) not null,
	DiaChi Nvarchar(50) not null,
	Email Nvarchar(50) not null,
	TrinhDo nvarchar(30),
	Luong int,
	MaMon Nvarchar(25),
	primary key(MaGv),
	foreign key (MaMon) references MonHoc(MaMon),
	passwd Nvarchar(15)

)



go
create table Diem(
	Msv Nvarchar(25) not null,
	MaMon Nvarchar(25) not null,
	DiemChuyenCan float not null ,check (DiemChuyenCan <=10 and DiemChuyenCan >= 0),--chuyeen can
	DiemGk float not null,check (DiemGk <=10 and DiemGk >= 0),--giua ki
	--DiemTong1 float ,check (DiemTong1 <=10 and DiemTong1 >= 0),--Nó là điểm tổng kết trên lớp
	DiemThi float ,check (DiemThi <=10 and DiemThi >= 0),
	-- DiemTong2 float ,check (DiemTong2 <=10 and DiemTong2 >= 0),--Nó là điểm tổng kết trên lớp và khi thi
	Primary key (Msv, MaMon),
	FOREIGN KEY (Msv) REFERENCES Sinhvien(Msv),
    FOREIGN KEY (MaMon) REFERENCES Monhoc(MaMon)

)

go
create table LopTheoMon(
	MaMon Nvarchar(25) not null,
	Msv Nvarchar(25) not null,
	FOREIGN KEY (Msv) REFERENCES Sinhvien(Msv),
    FOREIGN KEY (MaMon) REFERENCES MonHoc(MaMon)
)



go
-- Insert data into Lop (12 rows)
INSERT INTO Lop  VALUES
('AT18A','ATTT'),
('AT18B','ATTT'),
('AT18C','ATTT'),
('AT18D','ATTT'),
('CT16A','CNTT'),
('CT16B','CNTT'),
('CT16C','CNTT'),
('CT16D','CNTT'),
('DT17A','DTVT'),
('DT17B','DTVT'),
('DT17C','DTVT'),
('DT17D','DTVT');

go
-- Insert data into SinhVien (57 rows)
INSERT INTO SinhVien (Msv, HoTen, NgaySinh,GioiTinh, SDT, DiaChi, Email, Lop,passwd) VALUES
('AT180000', N'Nguyễn Văn A', '16-04-2003','1','0123456781', 'Address 1231', 'Vana.doe@example.com', 'AT18A','123456'),
('AT180001', N'Nguyễn Văn B', '11-04-2003','1','0123456782', 'Address 2132', 'Vanab.doe@example.com', 'AT18A','123456'),
('AT180002', N'Nguyễn Văn C', '17-04-2003','1','0123456783', 'Address 441', 'jVana.doe@example.com', 'AT18A','123456'),
('AT180003', N'Nguyễn Thị D', '18-04-2003','0','0123456784', 'Address 15', 'jov.doe@example.com', 'AT18A','123456'),
('AT180004', N'Nguyễn Văn E', '19-04-2003','1','0123456785', 'Address 15', 'joVana.doe@example.com', 'AT18A','123456'),
('AT180100', N'Nguyễn Thị F', '20-04-2003','0','0123456786', 'Address 163', 'vn.doe@example.com', 'AT18B','123456'),
('AT180101', N'Nguyễn Thị G', '21-04-2003','0','0123456787', 'Address 16', 'jVanan.doe@example.com', 'AT18B','123456'),
('AT180102', N'Nguyễn Văn H', '22-04-2003','1','0123456788', 'Address 13', 'jVanbn.doe@example.com', 'AT18B','123456'),
('AT180103', N'Nguyễn Thị J', '23-04-2003','0','0123456789', 'Address 17', 'johnc.doe@example.com', 'AT18B','123456'),
('AT180104', N'Nguyễn Văn K', '25-04-2003','1','0123456711', 'Address 1532', 'johd.doe@example.com', 'AT18B','123456'),
('AT180200', N'Nguyễn Thị N', '27-04-2003','0','0123456721', 'Address 167', 'johnd.doe@example.com', 'AT18C','123456'),
('AT180201', N'Nguyễn Văn M', '30-04-2003','1','0123456731', 'Address 17', 'johne.doe@example.com', 'AT18C','123456'),
('AT180202', N'Nguyễn Văn L', '04-04-2003','1','0123456741', 'Address 81', 'johnh.doe@example.com', 'AT18C','123456'),
('AT180203', N'Nguyễn Văn O', '08-04-2003','1','0123456751', 'Address 21', 'johng.doe@example.com', 'AT18C','123456'),
('AT180204', N'Nguyễn Thị P', '07-07-2003','0','0123456771', 'Address 31', 'johnh.doe@example.com', 'AT18C','123456'),
('AT180300', N'Nguyễn Văn Q', '07-04-2003','1','0123456781', 'Address 111', 'johnj.doe@example.com', 'AT18D','123456'),
('AT180301', N'Nguyễn Văn R', '10-04-2003','1','0123456791', 'Address 531', 'johnk.doe@example.com', 'AT18D','123456'),
('AT180302', N'Nguyễn Văn S', '09-06-2003','1','0123456181', 'Address 5461', 'johnn.doe@example.com', 'AT18D','123456'),
('AT180303', N'Nguyễn Vũ L', '27-06-2003','0','0123256181', 'Address 461', 'johnfn.doe@example.com', 'AT18D','123456'),
('AT180304', N'Nguyễn Thị T', '16-07-2003','0','0123456281', 'Address 6561', 'johnm.doe@example.com', 'AT18D','123456'),
('DT170000', N'Nguyễn Văn U', '18-08-2003','1','0123456381', 'Address 881', 'johnl.doe@example.com', 'DT17A','123456'),
('DT170001', N'Nguyễn Văn V', '11-11-2003','1','0123456482', 'Address 862', 'johno.doe@example.com', 'DT17A','123456'),
('DT170002', N'Nguyễn Thị W', '11-02-2003','0','0123456581', 'Address 18568', 'johnp.doe@example.com', 'DT17A','123456'),
('DT170003', N'Nguyễn Văn X', '28-06-2003','1','0123456681', 'Address 199', 'johnr.doe@example.com', 'DT17A','123456'),
('DT170004', N'Nguyễn Thị Y', '29-09-2003','0','0123456581', 'Address 1865', 'johns.doe@example.com', 'DT17A','123456'),
('DT170100', N'Nguyễn Thị Z', '26-01-2003','0','0123456781', 'Address 1443', 'jonj.doe@example.com', 'DT17B','123456'),
('DT170101', N'Long Văn A', '30-10-2003','1','0123456981', 'Address 186', 'johkn.doe@example.com', 'DT17B','123456'),
('DT170102', N'Loang Văn B', '29-02-2003','1','0123451781', 'Address 5671', 'johan.doe@example.com', 'DT17B','123456'),
('DT170103', N'Đào Thị A', '01-04-2003','0','0123452721', 'Address 188', 'johbn.doe@example.com', 'DT17B','123456'),
('DT170104', N'Hoàng Văn A', '05-04-2003','1','0123356781', 'Address 6861', 'jochn.doe@example.com', 'DT17B','123456'),
('DT170200', N'Lâm Văn B', '28-01-2003','1','0123454781', 'Address 6581', 'johdn.doe@example.com', 'DT17C','123456'),
('DT170201', N'Mai Thị C', '30-01-2003','0','0123455781', 'Address 5681', 'johen.doe@example.com', 'DT17C','123456'),
('DT170202', N'Chu Văn B', '12-12-2003','1','0123466781', 'Address 561', 'johfn.doe@example.com', 'DT17C','123456'),
('DT170203', N'Bùi Văn A', '7-12-2003','1','0123476781', 'Address 85681', 'johhn.doe@example.com', 'DT17C','123456'),
('DT170204', N'Nông Văn D', '19-12-2003','1','0128456781', 'Address 5681', 'joghn.doe@example.com', 'DT17C','123456'),
('DT170300', N'Bùi Thị D', '10-07-2003','0','0123956781', 'Address8651', 'johjn.doe@example.com', 'DT17D','123456'),
('DT170301', N'Hào Văn A', '29-10-2003','1','0123456781', 'Address 561', 'johjjn.doe@example.com', 'DT17D','123456'),
('DT170302', N'Long Văn D', '31-08-2003','1','0123456781', 'Address 5631', 'johan.doe@example.com', 'DT17D','123456'),
('DT170303', N'Nguyễn Đức M', '20-08-2003','1','0124256781', 'Address 561', 'johannin.doe@example.com', 'DT17D','123456'),
('DT170304', N'Châu Thị E', '27-07-2003','0','0123456781', 'Address 121', 'johnsada.doe@example.com', 'DT17D','123456'),
('CT160000', N'Hoàng Tuyển A', '30-11-2003','1','0123456781', 'Address 111', 'johsadn.doe@example.com', 'CT16A','123456'),
('CT160001', N'Long Văn Y', '31-12-2003','1','0123456782', 'Address 23', 'johsdnb.doe@example.com', 'CT16A','123456'),
('CT160002', N'Nguyễn Thị A', '29-06-2003','0','0123456781', 'Address 141', 'joasdhn.doe@example.com', 'CT16A','123456'),
('CT160003', N'Nguyễn Văn A', '23-07-2003','1','0123456781', 'Address 132', 'joasdhn.doe@example.com', 'CT16A','123456'),
('CT160004', N'Bùi Văn C', '11-12-2003','1','0123456781', 'Address 15', 'joasdhn.doe@example.com', 'CT16A','123456'),
('CT160100', N'Nguyễn Thị A', '11-09-2003','0','0123456781', 'Address 5321', 'jadsohn.doe@example.com', 'CT16B','123456'),
('CT160101', N'Nguyễn Văn B', '11-04-2002','1','0123456781', 'Address 671', 'johasdn.doe@example.com', 'CT16B','123456'),
('CT160102', N'Bùi Văn L', '16-07-2003','1','0123456781', 'Address 187', 'johxzcn.doe@example.com', 'CT16B','123456'),
('CT160103', N'Nguyễn Thị P', '31-07-2003','0','0123456781', 'Address 1123', 'joaszxhn.doe@example.com', 'CT16B','123456'),
('CT160104', N'Nguyễn Văn A', '25-05-2003','1','0123456781', 'Address 144', 'johxn.doe@example.com', 'CT16B','123456'),
('CT160200', N'Nguyễn Thị L', '17-05-2003','0','0123456781', 'Address 155', 'johyn.doe@example.com', 'CT16C','123456'),
('CT160201', N'Nguyễn Văn K', '21-06-2003','1','0123456781', 'Address 177', 'johzn.doe@example.com', 'CT16C','123456'),
('CT160202', N'Nguyễn Thị A', '23-05-2003','0','0123456781', 'Address 188', 'johyn.doe@example.com', 'CT16C','123456'),
('CT160203', N'Nguyễn Văn D', '31-01-2003','1','0123456781', 'Address 199', 'johwqeqn.doe@example.com', 'CT16C','123456'),
('CT160204', N'Nguyễn Văn G', '19-02-2003','1','0123456781', 'Address 1110', 'johazxn.doe@example.com', 'CT16C','123456'),
('CT160300', N'Bùi Thị O', '26-02-2003','0','0123456781', 'Address 21', 'johzzn.doe@example.com', 'CT16D','123456'),
('CT160301', N'Nguyễn Văn A', '11-01-2002','1','0123456781', 'Address 5', 'joxczhn.doe@example.com', 'CT16D','123456'),
('CT160302', N'Bùi Văn H', '30-03-2003','1','0123456781', 'Address 4', 'johbvcn.doe@example.com', 'CT16D','123456'),
('CT160303', N'Long Văn M', '29-06-2003','1','0112356781', 'Address 100', 'johbcn.doe@example.com', 'CT16D','123456'),
('CT160304', N'Nguyễn Thị A', '31-03-2003','0','0123456781', 'Address 23', 'jonvbhn.doe@example.com', 'CT16D','123456');


go


-- Insert data into MonHoc (5 rows)
INSERT INTO MonHoc (MaMon, TenMon, SoTin) VALUES
('1001', N'Toán A1',  3),
('1002', 'OOP', 4),
('1003', 'CTDL & GT',  3),
('1004', 'Linux',  4), 
('1005', N'Nhập Môn Mật Mã',  3);
go

-- Insert data into GiaoVien (5 rows)
INSERT INTO GiaoVien (MaGv, HoTen, NgaySinh,GioiTinh, SDT, DiaChi, Email, TrinhDo, Luong, MaMon,passwd) VALUES
('GV1001', 'Teacher A', '30-04-1990','1', '01245678291', N'Địa chỉ 1', 'teacherA@example.com', 'PhD', 5000,'1001','123456'),
('GV1002', 'Teacher B', '16-04-1994','0', '01253456783', N'Địa chỉ 2', 'teacherB@example.com', 'Master', 4500,'1004','123456'),
('GV1003', 'Teacher C', '15-08-1989','0', '01234656782', N'Địa chỉ 3', 'teacherC@example.com', 'Bachelor', 4000,'1002','123456'),
('GV1004', 'Teacher D', '01-09-1979','1', '01237456785', N'Địa chỉ 4', 'teacherD@example.com', 'PhD', 5000,'1003','123456'),
('GV1005', 'Teacher E', '16-07-1985','0', '01234586769', N'Địa chỉ 5', 'teacherE@example.com', 'Master', 4500,'1005','123456');
go

-- Insert data into Diem (5 rows)
INSERT INTO Diem (Msv, MaMon, DiemChuyenCan, DiemGk, DiemThi) VALUES
('AT180000', '1001', 7.5, 8.0, 8),
('AT180000', '1002', 9, 8.0, 7.0),
('AT180000', '1003', 10, 5.0, 7.0),
('AT180000', '1004', 5.5, 8.0, 7.0),
('AT180000', '1005', 7.5, 9.0, 9.0),

('AT180001', '1001', 7.5, 9.0, 9.0),
('AT180001', '1002', 9, 8.0, 7.0),
('AT180001', '1003', 10, 5.0, 9.0),
('AT180001', '1004', 10, 5.0, 7.0),
('AT180001', '1005', 7.5, 9.0, 9.0),

('AT180002', '1001', 9, 8.0, 7.0),
('AT180002', '1002', 9, 8.0, 7.0),
('AT180002', '1003', 10, 5.0, 9.0),
('AT180002', '1004', 5.5, 8.0, 7.0),
('AT180002', '1005', 7.5, 9.0, 9.0),

('AT180003', '1001', 6.5, 8.0, 9.5),
('AT180003', '1002', 9, 8.0, 7.0),
('AT180003', '1003', 10, 5.0, 9.0),
('AT180003', '1004', 5.5, 8.0, 7.0),
('AT180003', '1005', 10, 5.0, 7.0),

('AT180004', '1001', 5.5, 8.0, 7.0),
('AT180004', '1002', 9, 8.0, 7.0),
('AT180004', '1003', 10, 5.0, 9.0),
('AT180004', '1004', 10, 5.0, 7.0),
('AT180004', '1005', 7.5, 9.0, 9.0),

('AT180100', '1001', 10, 8.0, 9.5),
('AT180100', '1002', 9, 8.0, 7.0),
('AT180100', '1003', 10, 5.0, 9.0),
('AT180100', '1004', 5.5, 8.0, 7.0),
('AT180100', '1005', 7.5, 9.0, 9.0),

('AT180101', '1001', 10, 5.0, 9.0),
('AT180101', '1002', 9, 8.0, 7.0),
('AT180101', '1003', 10, 5.0, 9.0),
('AT180101', '1004', 5.5, 8.0, 7.0),
('AT180101', '1005', 7.5, 9.0, 9.0),

('AT180102', '1001', 7.5, 8.0, 9.5),
('AT180102', '1002', 9, 8.0, 7.0),
('AT180102', '1003', 6.5, 8.0, 9.5),
('AT180102', '1004', 7.5, 5.0, 7.8),
('AT180102', '1005', 7.5, 5.0, 7.8),

('AT180103', '1001', 7.5, 5.0, 7.8),
('AT180103', '1002', 9, 8.0, 7.0),
('AT180103', '1003', 7.5, 5.0, 7.8),
('AT180103', '1004', 5.5, 8.0, 7.0),
('AT180103', '1005', 7.5, 9.0, 9.0),

('AT180104', '1001', 7.5, 5.0, 7.8),
('AT180104', '1002', 9, 8.0, 7.0),
('AT180104', '1003', 10, 5.0, 9.0),
('AT180104', '1004', 5.5, 8.0, 7.0),
('AT180104', '1005', 7.5, 9.0, 9.0),

('AT180200', '1001', 7.5, 8.0, 9.5),
('AT180200', '1002', 9, 8.0, 7.0),
('AT180200', '1003', 10, 5.0, 9.0),
('AT180200', '1004', 5.5, 8.0, 7.0),
('AT180200', '1005', 7.5, 9.0, 9.0),

('AT180201', '1001', 7.5, 8.0, 9.5),
('AT180201', '1002', 9, 8.0, 7.0),
('AT180201', '1003', 10, 5.0, 9.0),
('AT180201', '1004', 5.5, 8.0, 7.0),
('AT180201', '1005', 7.5, 9.0, 9.0),

('AT180202', '1001', 7.5, 8.0, 9.5),
('AT180202', '1002', 9, 8.0, 7.0),
('AT180202', '1003', 10, 5.0, 9.0),
('AT180202', '1004', 7.5, 5.0, 7.8),
('AT180202', '1005', 7.5, 9.0, 9.0),

('AT180203', '1001', 7.5, 8.0, 9.5),
('AT180203', '1002', 9, 8.0, 7.0),
('AT180203', '1003', 7.5, 5.0, 7.8),
('AT180203', '1004', 5.5, 8.0, 7.0),
('AT180203', '1005', 7.5, 5.0, 7.8),

('AT180204', '1001', 7.5, 8.0, 9.5),
('AT180204', '1002', 7.5, 5.0, 7.8),
('AT180204', '1003', 10, 5.0, 9.0),
('AT180204', '1004', 5.5, 8.0, 7.0),
('AT180204', '1005', 7.5, 5.0, 7.8),

('AT180300', '1001', 7.5, 8.0, 9.5),
('AT180300', '1002', 9, 8.0, 7.0),
('AT180300', '1003', 10, 5.0, 9.0),
('AT180300', '1004', 7.5, 5.0, 7.8),
('AT180300', '1005', 7.5, 9.0, 9.0),

('AT180301', '1001', 7.5, 8.0, 9.5),
('AT180301', '1002', 9, 8.0, 7.0),
('AT180301', '1003', 10, 5.0, 9.0),
('AT180301', '1004', 5.5, 8.0, 7.0),
('AT180301', '1005', 7.5, 9.0, 9.0),

('AT180302', '1001', 7.5, 8.0, 9.5),
('AT180302', '1002', 9, 8.0, 7.0),
('AT180302', '1003', 10, 5.0, 9.0),
('AT180302', '1004', 5.5, 8.0, 7.0),
('AT180302', '1005', 7.5, 9.0, 9.0),

('AT180303', '1001', 7.5, 8.0, 9.5),
('AT180303', '1002', 9, 8.0, 7.0),
('AT180303', '1003', 10, 5.0, 9.0),
('AT180303', '1004', 5.5, 8.0, 7.0),
('AT180303', '1005', 7.5, 9.0, 9.0),

('AT180304', '1001', 7.5, 8.0, 9.5),
('AT180304', '1002', 7.5, 5.0, 7.8),
('AT180304', '1003', 10, 5.0, 9.0),
('AT180304', '1004', 5.5, 8.0, 7.0),
('AT180304', '1005', 7.5, 9.0, 9.0),

-- HẾT CỦA AT

('DT170000', '1001', 8.5, 7.0, 5.0),
('DT170000', '1002', 7.5, 5.0, 7.8),
('DT170000', '1003', 7.5, 8.0, 7.0),
('DT170000', '1004', 9.5, 9.0, 9.0),
('DT170000', '1005', 8.5, 7.0, 6.0),

('DT170001', '1001', 8.5, 7.0, 5.0),
('DT170001', '1002', 6.5, 3.0, 9.0),
('DT170001', '1003', 7.5, 8.0, 7.0),
('DT170001', '1004', 9.0, 6.6, 7.4),
('DT170001', '1005', 8.5, 7.0, 6.0),

('DT170002', '1001', 8.5, 7.0, 5.0),
('DT170002', '1002', 6.5, 3.0, 9.0),
('DT170002', '1003', 7.5, 8.0, 7.0),
('DT170002', '1004', 9.5, 9.0, 9.0),
('DT170002', '1005', 8.5, 7.0, 6.0),

('DT170003', '1001', 8.5, 7.0, 5.0),
('DT170003', '1002', 6.5, 3.0, 9.0),
('DT170003', '1003', 9, 6.6, 7.4),
('DT170003', '1004', 9.5, 9.0, 9.0),
('DT170003', '1005', 8.5, 7.0, 6.0),

('DT170004', '1001', 8.5, 7.0, 5.0),
('DT170004', '1002', 6.5, 3.0, 9.0),
('DT170004', '1003', 7.5, 8.0, 7.0),
('DT170004', '1004', 9.5, 9.0, 9.0),
('DT170004', '1005', 8.5, 7.0, 6.0),

('DT170100', '1001', 8.5, 7.0, 5.0),
('DT170100', '1002', 6.5, 3.0, 9.0),
('DT170100', '1003', 7.5, 8.0, 7.0),
('DT170100', '1004', 9.5, 9.0, 9.0),
('DT170100', '1005', 8.5, 7.0, 6.0),

('DT170101', '1001', 8.5, 7.0, 5.0),
('DT170101', '1002', 6.5, 3.0, 9.0),
('DT170101', '1003', 7.5, 8.0, 7.0),
('DT170101', '1004', 9.5, 9.0, 9.0),
('DT170101', '1005', 8.5, 7.0, 6.0),

('DT170102', '1001', 8.5, 7.0, 5.0),
('DT170102', '1002', 6.5, 3.0, 9.0),
('DT170102', '1003', 7.5, 8.0, 7.0),
('DT170102', '1004', 9, 6.6, 7.4),
('DT170102', '1005', 8.5, 7.0, 6.0),

('DT170103', '1001', 8.5, 7.0, 5.0),
('DT170103', '1002', 6.5, 3.0, 9.0),
('DT170103', '1003', 7.5, 8.0, 7.0),
('DT170103', '1004', 9.5, 9.0, 9.0),
('DT170103', '1005', 8.5, 7.0, 6.0),

('DT170104', '1001', 8.5, 7.0, 5.0),
('DT170104', '1002', 6.5, 3.0, 9.0),
('DT170104', '1003', 7.5, 8.0, 7.0),
('DT170104', '1004', 9.5, 9.0, 9.0),
('DT170104', '1005', 8.5, 7.0, 6.0),

('DT170200', '1001', 8.5, 7.0, 5.0),
('DT170200', '1002', 6.5, 3.0, 9.0),
('DT170200', '1003', 7.5, 8.0, 7.0),
('DT170200', '1004', 9.5, 9.0, 9.0),
('DT170200', '1005', 9, 6.6, 7.4),

('DT170201', '1001', 8.5, 7.0, 5.0),
('DT170201', '1002', 6.5, 3.0, 9.0),
('DT170201', '1003', 7.5, 8.0, 7.0),
('DT170201', '1004', 9.5, 9.0, 9.0),
('DT170201', '1005', 8.5, 7.0, 6.0),

('DT170202', '1001', 8.5, 7.0, 5.0),
('DT170202', '1002', 6.5, 3.0, 9.0),
('DT170202', '1003', 9, 6.6, 7.4),
('DT170202', '1004', 9.5, 9.0, 9.0),
('DT170202', '1005', 8.5, 7.0, 6.0),

('DT170203', '1001', 8.5, 7.0, 5.0),
('DT170203', '1002', 6.5, 3.0, 9.0),
('DT170203', '1003', 7.5, 8.0, 7.0),
('DT170203', '1004', 9.5, 9.0, 9.0),
('DT170203', '1005', 8.5, 7.0, 6.0),

('DT170204', '1001', 8.5, 7.0, 5.0),
('DT170204', '1002', 6.5, 3.0, 9.0),
('DT170204', '1003', 7.5, 8.0, 7.0),
('DT170204', '1004', 9.5, 9.0, 9.0),
('DT170204', '1005', 8.5, 7.0, 6.0),

('DT170300', '1001', 8.5, 7.0, 5.0),
('DT170300', '1002', 9, 6.6, 7.4),
('DT170300', '1003', 7.5, 8.0, 7.0),
('DT170300', '1004', 9.5, 9.0, 9.0),
('DT170300', '1005', 8.5, 7.0, 6.0),

('DT170301', '1001', 8.5, 7.0, 5.0),
('DT170301', '1002', 6.5, 3.0, 9.0),
('DT170301', '1003', 7.5, 8.0, 7.0),
('DT170301', '1004', 9.5, 9.0, 9.0),
('DT170301', '1005', 8.5, 7.0, 6.0),

('DT170302', '1001', 8.5, 7.0, 5.0),
('DT170302', '1002', 6.5, 3.0, 9.0),
('DT170302', '1003', 7.5, 8.0, 7.0),
('DT170302', '1004', 9, 6.6, 7.4),
('DT170302', '1005', 8.5, 7.0, 6.0),

('DT170303', '1001', 8.5, 7.0, 5.0),
('DT170303', '1002', 6.5, 3.0, 9.0),
('DT170303', '1003', 7.5, 8.0, 7.0),
('DT170303', '1004', 9.5, 9.0, 9.0),
('DT170303', '1005', 8.5, 7.0, 6.0),

('DT170304', '1001', 9, 6.6, 7.4),
('DT170304', '1002', 6.5, 3.0, 9.0),
('DT170304', '1003', 7.5, 8.0, 7.0),
('DT170304', '1004', 9.5, 9.0, 9.0),
('DT170304', '1005', 8.5, 7.0, 6.0),

--HET DT

('CT160000', '1001', 9.0, 8.5, 7.5),
('CT160000', '1002', 8.0, 7.5, 5),
('CT160000', '1003', 9, 6.6, 7.4),
('CT160000', '1004', 8.0, 7.5, 6),
('CT160000', '1005', 9.5, 8.0, 9.5),

('CT160001', '1001', 9.0, 8.5, 7.5),
('CT160001', '1002', 8.0, 7.5, 5),
('CT160001', '1003', 7.0, 8.5, 8.5),
('CT160001', '1004', 10, 6.5, 7.0),
('CT160001', '1005', 8.0, 7.5, 6),

('CT160002', '1001', 9.0, 8.5, 7.5),
('CT160002', '1002', 8.0, 7.5, 5),
('CT160002', '1003', 7.0, 8.5, 8.5),
('CT160002', '1004', 9, 6.6, 7.4),
('CT160002', '1005', 9.5, 8.0, 9.5),

('CT160003', '1001', 9.0, 8.5, 7.5),
('CT160003', '1002', 8.0, 7.5, 5),
('CT160003', '1003', 8.0, 7.5, 6),
('CT160003', '1004', 10, 6.5, 7.0),
('CT160003', '1005', 9.5, 8.0, 9.5),

('CT160004', '1001', 9.0, 8.5, 7.5),
('CT160004', '1002', 8.0, 7.5, 5),
('CT160004', '1003', 7.0, 8.5, 8.5),
('CT160004', '1004', 10, 6.5, 7.0),
('CT160004', '1005', 9.5, 8.0, 9.5),

('CT160100', '1001', 9.0, 8.5, 7.5),
('CT160100', '1002', 8.0, 7.5, 5),
('CT160100', '1003', 7.0, 8.5, 8.5),
('CT160100', '1004', 10, 6.5, 7.0),
('CT160100', '1005', 9.5, 8.0, 9.5),

('CT160101', '1001', 8.0, 7.5, 6),
('CT160101', '1002', 8.0, 7.5, 5),
('CT160101', '1003', 7.0, 8.5, 8.5),
('CT160101', '1004', 10, 6.5, 7.0),
('CT160101', '1005', 9.5, 8.0, 9.5),

('CT160102', '1001', 9.0, 8.5, 7.5),
('CT160102', '1002', 8.0, 7.5, 5),
('CT160102', '1003', 7.0, 8.5, 8.5),
('CT160102', '1004', 10, 6.5, 7.0),
('CT160102', '1005', 9.5, 8.0, 9.5),

('CT160103', '1001', 9.0, 8.5, 7.5),
('CT160103', '1002', 8.0, 7.5, 5),
('CT160103', '1003', 7.0, 8.5, 8.5),
('CT160103', '1004', 10, 6.5, 7.0),
('CT160103', '1005', 9.5, 8.0, 9.5),

('CT160104', '1001', 9.0, 8.5, 7.5),
('CT160104', '1002', 8.0, 7.5, 5),
('CT160104', '1003', 8.0, 7.5, 6),
('CT160104', '1004', 10, 6.5, 7.0),
('CT160104', '1005', 9.5, 8.0, 9.5),

('CT160200', '1001', 9.0, 8.5, 7.5),
('CT160200', '1002', 8.0, 7.5, 5),
('CT160200', '1003', 7.0, 8.5, 8.5),
('CT160200', '1004', 10, 6.5, 7.0),
('CT160200', '1005', 9.5, 8.0, 9.5),

('CT160201', '1001', 9.0, 8.5, 7.5),
('CT160201', '1002', 8.0, 7.5, 5),
('CT160201', '1003', 7.0, 8.5, 8.5),
('CT160201', '1004', 10, 6.5, 7.0),
('CT160201', '1005', 9.5, 8.0, 9.5),

('CT160202', '1001', 9.0, 8.5, 7.5),
('CT160202', '1002', 8.0, 7.5, 5),
('CT160202', '1003', 7.0, 8.5, 8.5),
('CT160202', '1004', 8.0, 7.5, 6),
('CT160202', '1005', 9.5, 8.0, 9.5),

('CT160203', '1001', 9.0, 8.5, 7.5),
('CT160203', '1002', 8.0, 7.5, 5),
('CT160203', '1003', 8.0, 7.5, 6),
('CT160203', '1004', 10, 6.5, 7.0),
('CT160203', '1005', 9.5, 8.0, 9.5),

('CT160204', '1001', 9.0, 8.5, 7.5),
('CT160204', '1002', 8.0, 7.5, 6),
('CT160204', '1003', 7.0, 8.5, 8.5),
('CT160204', '1004', 10, 6.5, 7.0),
('CT160204', '1005', 9.5, 8.0, 9.5),

('CT160300', '1001', 5.0, 6.5, 7.5),
('CT160300', '1002', 8.0, 7.5, 5),
('CT160300', '1003', 7.0, 8.5, 8.5),
('CT160300', '1004', 10, 6.5, 7.0),
('CT160300', '1005', 9.5, 8.0, 9.5),

('CT160301', '1001', 9.0, 8.5, 7.5),
('CT160301', '1002', 8.0, 7.5, 5),
('CT160301', '1003', 7.0, 8.5, 8.5),
('CT160301', '1004', 10, 5.5, 7.7),
('CT160301', '1005', 9.5, 7.0, 9.5),

('CT160302', '1001', 9.0, 8.5, 7.5),
('CT160302', '1002', 8.0, 5.5, 5),
('CT160302', '1003', 7.0, 8.5, 8.5),
('CT160302', '1004', 10, 6.5, 7.0),
('CT160302', '1005', 9.5, 7.0, 9.5),

('CT160303', '1001', 9.0, 8.5, 8.5),
('CT160303', '1002', 8.0, 6.5, 5),
('CT160303', '1003', 7.0, 8.5, 7.5),
('CT160303', '1004', 10, 6.5, 6.0),
('CT160303', '1005', 9.5, 8.0, 4.5),

('CT160304', '1001', 9.0, 8.5, 5.5),
('CT160304', '1002', 8.0, 7.5, 7),
('CT160304', '1003', 7.0, 8.5, 4.5),
('CT160304', '1004', 10, 6.5, 5.0),
('CT160304', '1005', 9.5, 8.0, 8.5);

go
-- Insert data into LopTheoMon (5 rows)
INSERT INTO LopTheoMon (MaMon, Msv) VALUES
('1001', 'AT180000'),
('1001', 'AT180001'),
('1001', 'AT180002'),
('1001', 'AT180003'),
('1001', 'AT180004'),
('1001', 'AT180100'),
('1001', 'AT180101'),
('1001', 'AT180102'),
('1001', 'AT180103'),
('1001', 'AT180104'),
('1001', 'AT180200'),
('1001', 'AT180201'),
('1001', 'AT180202'),
('1001', 'AT180203'),
('1001', 'AT180204'),
('1001', 'AT180300'),
('1001', 'AT180301'),
('1001', 'AT180302'),
('1001', 'AT180303'),
('1001', 'AT180304'),

('1001', 'DT170000'),
('1001', 'DT170001'),
('1001', 'DT170002'),
('1001', 'DT170003'),
('1001', 'DT170004'),
('1001', 'DT170100'),
('1001', 'DT170101'),
('1001', 'DT170102'),
('1001', 'DT170103'),
('1001', 'DT170104'),
('1001', 'DT170200'),
('1001', 'DT170201'),
('1001', 'DT170202'),
('1001', 'DT170203'),
('1001', 'DT170204'),
('1001', 'DT170300'),
('1001', 'DT170301'),
('1001', 'DT170302'),
('1001', 'DT170303'),
('1001', 'DT170304'),
 
('1001', 'CT160000'),
('1001', 'CT160001'),
('1001', 'CT160002'),
('1001', 'CT160003'),
('1001', 'CT160004'),
('1001', 'CT160100'),
('1001', 'CT160101'),
('1001', 'CT160102'),
('1001', 'CT160103'),
('1001', 'CT160104'),
('1001', 'CT160200'),
('1001', 'CT160201'),
('1001', 'CT160202'),
('1001', 'CT160203'),
('1001', 'CT160204'),
('1001', 'CT160300'),
('1001', 'CT160301'),
('1001', 'CT160302'),
('1001', 'CT160303'),
('1001', 'CT160304'),

--HET LOP 1001

('1002', 'AT180000'),
('1002', 'AT180001'),
('1002', 'AT180002'),
('1002', 'AT180003'),
('1002', 'AT180004'),
('1002', 'AT180100'),
('1002', 'AT180101'),
('1002', 'AT180102'),
('1002', 'AT180103'),
('1002', 'AT180104'),
('1002', 'AT180200'),
('1002', 'AT180201'),
('1002', 'AT180202'),
('1002', 'AT180203'),
('1002', 'AT180204'),
('1002', 'AT180300'),
('1002', 'AT180301'),
('1002', 'AT180302'),
('1002', 'AT180303'),
('1002', 'AT180304'),

 
('1002', 'CT160000'),
('1002', 'CT160001'),
('1002', 'CT160002'),
('1002', 'CT160003'),
('1002', 'CT160004'),
('1002', 'CT160100'),
('1002', 'CT160101'),
('1002', 'CT160102'),
('1002', 'CT160103'),
('1002', 'CT160104'),
('1002', 'CT160200'),
('1002', 'CT160201'),
('1002', 'CT160202'),
('1002', 'CT160203'),
('1002', 'CT160204'),
('1002', 'CT160300'),
('1002', 'CT160301'),
('1002', 'CT160302'),
('1002', 'CT160303'),
('1002', 'CT160304'),

--HET LOP 1002

('1003', 'AT180000'),
('1003', 'AT180001'),
('1003', 'AT180002'),
('1003', 'AT180003'),
('1003', 'AT180004'),
('1003', 'AT180100'),
('1003', 'AT180101'),
('1003', 'AT180102'),
('1003', 'AT180103'),
('1003', 'AT180104'),
('1003', 'AT180200'),
('1003', 'AT180201'),
('1003', 'AT180202'),
('1003', 'AT180203'),
('1003', 'AT180204'),
('1003', 'AT180300'),
('1003', 'AT180301'),
('1003', 'AT180302'),
('1003', 'AT180303'),
('1003', 'AT180304'),

('1003', 'DT170000'),
('1003', 'DT170001'),
('1003', 'DT170002'),
('1003', 'DT170003'),
('1003', 'DT170004'),
('1003', 'DT170100'),
('1003', 'DT170101'),
('1003', 'DT170102'),
('1003', 'DT170103'),
('1003', 'DT170104'),
('1003', 'DT170200'),
('1003', 'DT170201'),
('1003', 'DT170202'),
('1003', 'DT170203'),
('1003', 'DT170204'),
('1003', 'DT170300'),
('1003', 'DT170301'),
('1003', 'DT170302'),
('1003', 'DT170303'),
('1003', 'DT170304'),

--HET LOP 1003

('1004', 'CT160000'),
('1004', 'CT160001'),
('1004', 'CT160002'),
('1004', 'CT160003'),
('1004', 'CT160004'),
('1004', 'CT160100'),
('1004', 'CT160101'),
('1004', 'CT160102'),
('1004', 'CT160103'),
('1004', 'CT160104'),
('1004', 'CT160200'),
('1004', 'CT160201'),
('1004', 'CT160202'),
('1004', 'CT160203'),
('1004', 'CT160204'),
('1004', 'CT160300'),
('1004', 'CT160301'),
('1004', 'CT160302'),
('1004', 'CT160303'),
('1004', 'CT160304'),

--HET LOP 1004

('1005', 'AT180000'),
('1005', 'AT180001'),
('1005', 'AT180002'),
('1005', 'AT180003'),
('1005', 'AT180004'),
('1005', 'AT180100'),
('1005', 'AT180101'),
('1005', 'AT180102'),
('1005', 'AT180103'),
('1005', 'AT180104'),
('1005', 'AT180200'),
('1005', 'AT180201'),
('1005', 'AT180202'),
('1005', 'AT180203'),
('1005', 'AT180204'),
('1005', 'AT180300'),
('1005', 'AT180301'),
('1005', 'AT180302'),
('1005', 'AT180303'),
('1005', 'AT180304');


--HET LOP 1005







select * from diem

create table khaoThi(
	username Nvarchar(15),
	passwd Nvarchar(15),
	primary key(username)
)


insert into khaoThi values('NTT2003','19052003'),('TMT2003','19052003');

select * from diem where msv = 'AT18000'